<BackupInst xmlns="http://www.microsoft.com/GroupPolicy/GPOOperations/Manifest"><GPOGuid><![CDATA[{3A9D1FF8-FB69-4099-8B82-716D419A4304}]]></GPOGuid><GPODomain><![CDATA[rbdomain.local]]></GPODomain><GPODomainGuid><![CDATA[{d9a8040b-28e7-4a24-8057-66edb30f0e32}]]></GPODomainGuid><GPODomainController><![CDATA[azuredc.rbdomain.local]]></GPODomainController><BackupTime><![CDATA[2019-04-24T15:33:16]]></BackupTime><ID><![CDATA[{E802E58D-C478-4AB6-8437-830DF35761AA}]]></ID><Comment><![CDATA[N-series GPU config]]></Comment><GPODisplayName><![CDATA[N-series GPU Config]]></GPODisplayName></BackupInst>
